hours,score
27.838653879199708,57.599415913723405
0.0,1.709045880199267
7.201579528585221,15.677905425657396
26.377491389696026,54.57423992917433
9.872503650360951,21.708712539380407
30.96342071892149,63.25686990692614
24.74040324312836,50.48480778476089
21.452128427649892,44.0284559041236
19.142974769015705,39.62374752529971
7.089845683025702,16.06224344574457
